sequence,labels,dssp_id
MKFIGTLVSS,CCHHHHHHCC,1abc_A
ADEFGHIKLM,CEEEEEEEEC,1def_A
GPSGPSGPSG,CCCCCCCCCC,1gps_A
HHHHHHEEEE,HHHHHHHHHH,1hhh_A
VIVIVIVIVI,EEEEEEEEEE,1viv_A
DDDDDKKKKK,CCCCCCCCCC,1ddd_A
WWWWWWWWWW,EEEEEEEEEE,1www_A
PPPPPPPPPP,CCCCCCCCCC,1ppp_A
GGGGGGGGGG,CCCCCCCCCC,1ggg_A
LLLLLLLLEE,HHHHHHHHHH,1lll_A
FFFFFFFFFFFFY,EEEEEEEEEEEEE,1fff_A
SSSSSSSSSSSS,CCCCCCCCCCCC,1sss_A
RRRRRRRRR,CCCCCCCCC,1rrr_A
NNNNNNNNN,CCCCCCCCC,1nnn_A
QQQQQQQQQ,CCCCCCCCC,1qqq_A
TTTTTTTTTT,CCCCCCCCCC,1ttt_A
YYYYYYYYYY,EEEEEEEEEE,1yyy_A
CCCCCCCCC,CCCCCCCCC,1ccc_A
MMMMMMMMM,HHHHHHHHH,1mmm_A
AAAAAAAAA,HHHHHHHHH,1aaa_A
EEEEEEEEE,HHHHHHHHH,1eee_A
KKKKKKKK,CCCCCCCC,1kkk_A
IIIIIIIII,EEEEEEEEEE,1iii_A
DDDDDDDD,CCCCCCCC,1ddd_B
VLVLVLVL,EEEEEEEE,1vlv_A
HEHEHEHE,CCHHHCCC,1heh_A
PRPRPRPR,CCCCCCCC,1prp_A
GWGWGWGW,CCCCCCCC,1gwg_A
LALALALAL,HHHHHHHH,1lal_A
FWFWFWFW,EEEEEEEE,1fwf_A
DKDKDKDK,CCCCCCCC,1dkd_A
SISISISISI,CCCCCCCCCC,1sis_A
MEMEMEMEME,HHHHHHHHHH,1mem_A
RERERERERE,CCCCCCCCCC,1rer_A
YWYWYWYWY,EEEEEEEEE,1ywy_A
TCTCTCTCT,CCCCCCCCC,1tct_A
AQAQAQAQ,CCHHHCCC,1aqa_A
VPVPVPVP,EEEEEEEE,1vpv_A
NMNAMANAMA,CCCCCCCCCC,1nma_A
WKWKWKWK,EEEEEEEE,1wkw_A
LGLGLGLG,HCCCCCCH,1lgl_A
